date,period,year,quarter,realgdp,realcons,realinv,realgovt,realdpi,cpi,m1,tbilrate,unemp,pop,infl,realint,gdp_growth_pct,consumption_share_pct,investment_share_pct,real_rate_gap
1959-03-31,1959Q1,1959,1,2710.349,1707.4,286.898,470.045,1886.9,28.98,139.7,2.82,5.8,177.146,0.0,0.0,,62.99557732233008,10.585278869990544,0.0
1959-06-30,1959Q2,1959,2,2778.801,1733.7,310.859,481.301,1919.7,29.15,141.7,3.08,5.1,177.83,2.34,0.74,2.525578809223461,62.39021793931988,11.186803229162505,-1.5999999999999999
1959-09-30,1959Q3,1959,3,2775.488,1751.8,289.226,491.26,1916.4,29.35,140.5,3.82,5.3,178.657,2.74,1.09,-0.11922408261693107,63.11682846403948,10.420726012866927,-1.6500000000000001
1959-12-31,1959Q4,1959,4,2785.204,1753.7,299.356,484.052,1931.3,29.37,140.0,4.33,5.6,179.386,0.27,4.06,0.3500645652224188,62.964867205418344,10.748081648597372,3.7899999999999996
1960-03-31,1960Q1,1960,1,2847.699,1770.5,331.722,462.199,1955.5,29.54,139.6,3.5,5.2,180.007,2.31,1.19,2.2438212784413603,62.173003537241826,11.64877327273704,-1.12
1960-06-30,1960Q2,1960,2,2834.39,1792.9,298.152,460.4,1966.1,29.55,140.2,2.68,5.2,180.671,0.14,2.55,-0.46735978767419306,63.25523304838079,10.519088763367074,2.4099999999999997
1960-09-30,1960Q3,1960,3,2839.022,1785.8,296.375,474.676,1967.8,29.75,140.9,2.36,5.6,181.528,2.7,-0.34,0.16342140636962377,62.90194299304479,10.4393343905049,-3.04
1960-12-31,1960Q4,1960,4,2802.616,1788.2,259.764,476.434,1966.6,29.84,141.1,2.29,6.3,182.287,1.21,1.08,-1.2823430040344808,63.80467391893859,9.268626169264715,-0.1299999999999999
1961-03-31,1961Q1,1961,1,2819.264,1787.7,266.405,475.854,1984.5,29.81,142.1,2.37,6.8,182.992,-0.4,2.77,0.5940164474904863,63.410166625048234,9.44945205557195,3.17
1961-06-30,1961Q2,1961,2,2872.005,1814.3,286.246,480.328,2014.4,29.92,142.9,2.29,7.0,183.691,1.47,0.81,1.8707364759029232,63.171895592103766,9.966765378193978,-0.6599999999999999
1961-09-30,1961Q3,1961,3,2918.419,1823.1,310.227,493.828,2041.9,29.98,144.1,2.32,6.8,184.524,0.8,1.52,1.6160835374590121,62.46875448659017,10.62996780105941,0.72
1961-12-31,1961Q4,1961,4,2977.83,1859.6,315.463,502.521,2082.0,30.04,145.2,2.6,6.2,185.242,0.8,1.8,2.035725507543651,62.44815855841333,10.593720931013523,1.0
1962-03-31,1962Q1,1962,1,3031.241,1879.4,334.271,520.96,2101.7,30.21,146.4,2.73,5.6,185.874,2.26,0.47,1.7936215297716718,62.00100882773756,11.027529648747823,-1.7899999999999998
1962-06-30,1962Q2,1962,2,3064.709,1902.5,331.039,523.066,2125.2,30.22,146.5,2.78,5.5,186.538,0.13,2.65,1.1041022472314088,62.077671974729085,10.801645441704254,2.52
1962-09-30,1962Q3,1962,3,3093.047,1917.9,336.962,538.838,2137.0,30.38,146.7,2.78,5.6,187.323,2.11,0.67,0.9246554893139969,62.00681722586175,10.894176519141158,-1.44
1962-12-31,1962Q4,1962,4,3100.563,1945.1,325.65,535.912,2154.6,30.44,148.3,2.87,5.5,188.013,0.79,2.08,0.24299663083038325,62.733768028580606,10.502931241842205,1.29
1963-03-31,1963Q1,1963,1,3141.087,1958.2,343.721,522.917,2172.5,30.48,149.7,2.9,5.8,188.58,0.53,2.38,1.3069884404864451,62.341476055900394,10.942740522627995,1.8499999999999999
1963-06-30,1963Q2,1963,2,3180.447,1976.9,348.73,518.108,2193.1,30.69,151.3,3.03,5.7,189.242,2.75,0.29,1.253069399223894,62.15792937282087,10.964810921232141,-2.46
1963-09-30,1963Q3,1963,3,3240.332,2003.8,360.102,546.893,2217.9,30.75,152.6,3.38,5.5,190.028,0.78,2.6,1.8829114272301828,61.83934238837255,11.113120507404796,1.82
1963-12-31,1963Q4,1963,4,3264.967,2020.6,364.534,532.383,2254.6,30.94,153.7,3.52,5.6,190.668,2.46,1.06,0.760261602823431,61.887302383148125,11.165013306413202,-1.4
1964-03-31,1964Q1,1964,1,3338.246,2060.5,379.523,529.686,2299.6,30.95,154.8,3.51,5.5,191.245,0.13,3.38,2.2444024702240384,61.724031122931024,11.368934464386388,3.25
1964-06-30,1964Q2,1964,2,3376.587,2096.7,377.778,526.175,2362.1,31.02,156.8,3.47,5.2,191.889,0.9,2.57,1.1485372857482634,62.095245879937345,11.188161300153084,1.67
1964-09-30,1964Q3,1964,3,3422.469,2135.2,386.754,522.008,2392.7,31.12,159.2,3.53,5.0,192.631,1.29,2.25,1.35882771567859,62.3877089902056,11.300438367739781,0.96
1964-12-31,1964Q4,1964,4,3431.957,2141.2,389.91,514.603,2420.4,31.28,160.7,3.76,5.0,193.223,2.05,1.71,0.2772267623169178,62.39005908290809,11.361156331504155,-0.33999999999999986
1965-03-31,1965Q1,1965,1,3516.251,2188.8,429.145,508.006,2447.4,31.38,162.0,3.93,4.9,193.709,1.28,2.65,2.456149654555695,62.248115962142634,12.20461792972117,1.3699999999999999
1965-06-30,1965Q2,1965,2,3563.96,2213.0,429.119,508.931,2474.5,31.58,163.1,3.84,4.7,194.303,2.54,1.3,1.3568144026123274,62.09385066050124,12.040511116847552,-1.24
1965-09-30,1965Q3,1965,3,3636.285,2251.0,444.444,529.446,2542.6,31.65,166.0,3.93,4.4,194.997,0.89,3.04,2.029343763678604,61.903838670511256,12.222474311006977,2.15
1965-12-31,1965Q4,1965,4,3724.014,2314.3,446.493,544.121,2594.1,31.88,169.1,4.35,4.1,195.539,2.9,1.46,2.412599672467919,62.14530879851687,11.989562874897892,-1.44
1966-03-31,1966Q1,1966,1,3815.423,2348.5,484.244,556.593,2618.4,32.28,171.8,4.62,3.9,195.999,4.99,-0.37,2.4545826089805045,61.55280816832105,12.691751347098343,-5.36
1966-06-30,1966Q2,1966,2,3828.124,2354.5,475.408,571.371,2624.7,32.45,170.3,4.65,3.8,196.56,2.1,2.55,0.3328857639113725,61.505322189145396,12.418824468590884,0.44999999999999973
1966-09-30,1966Q3,1966,3,3853.301,2381.5,470.697,594.514,2657.8,32.85,171.2,5.23,3.8,197.207,4.9,0.33,0.6576850697626258,61.80415181684483,12.215422568857196,-4.57
1966-12-31,1966Q4,1966,4,3884.52,2391.4,472.957,599.528,2688.2,32.9,171.9,5.0,3.7,197.736,0.61,4.39,0.810188459193828,61.562303708051445,12.17542965411428,3.78
1967-03-31,1967Q1,1967,1,3918.74,2405.3,460.007,640.682,2728.4,33.1,174.2,4.22,3.8,198.206,2.42,1.8,0.8809325219074626,61.379422977793894,11.738645585060505,-0.6199999999999999
1967-06-30,1967Q2,1967,2,3919.556,2438.1,440.393,631.43,2750.8,33.4,178.1,3.78,3.8,198.712,3.61,0.17,0.0208230196440784,62.20347406696064,11.235787931081989,-3.44
1967-09-30,1967Q3,1967,3,3950.826,2450.6,453.033,641.504,2777.1,33.7,181.6,4.42,3.8,199.311,3.58,0.84,0.7977944440645812,62.027535507764696,11.466792007544752,-2.74
1967-12-31,1967Q4,1967,4,3980.97,2465.7,462.834,640.234,2797.4,34.1,184.3,4.9,3.9,199.808,4.72,0.18,0.762979690829213,61.93716606756644,11.626161463160988,-4.54
1968-03-31,1968Q1,1968,1,4063.013,2524.6,472.907,651.378,2846.2,34.4,186.6,5.18,3.7,200.208,3.5,1.67,2.0608796348628555,62.13615363770679,11.639317915054665,-1.83
1968-06-30,1968Q2,1968,2,4131.998,2563.3,492.026,646.145,2893.5,34.9,190.5,5.5,3.5,200.706,5.77,-0.28,1.6978779048947068,62.03536400550049,11.907701794628169,-6.05
1968-09-30,1968Q3,1968,3,4160.267,2611.5,476.053,640.615,2899.3,35.3,194.0,5.21,3.5,201.29,4.56,0.65,0.6841484434406908,62.77241340519731,11.442847298021979,-3.9099999999999997
1968-12-31,1968Q4,1968,4,4178.293,2623.5,480.998,636.729,2918.4,35.7,198.7,5.85,3.4,201.76,4.51,1.34,0.4332894980057622,62.78879915793364,11.511830309650376,-3.17
1969-03-31,1969Q1,1969,1,4244.1,2652.9,512.686,633.224,2923.4,36.3,200.7,6.08,3.4,202.161,6.67,-0.58,1.574973320444517,62.50795221601753,12.079969840484436,-7.25
1969-06-30,1969Q2,1969,2,4256.46,2669.8,508.601,623.16,2952.9,36.8,201.7,6.49,3.4,202.677,5.47,1.02,0.29122782215309506,62.72348383398412,11.948919994549462,-4.449999999999999
1969-09-30,1969Q3,1969,3,4283.378,2682.7,520.36,623.613,3012.9,37.3,202.9,7.02,3.6,203.302,5.4,1.63,0.6324034526343336,62.63047529309811,12.148355807028938,-3.7700000000000005
1969-12-31,1969Q4,1969,4,4263.261,2704.1,492.334,606.9,3034.9,37.9,206.2,7.64,3.6,203.849,6.38,1.26,-0.469652690003064,63.427972155587,11.548296010964377,-5.12
1970-03-31,1970Q1,1970,1,4256.573,2720.7,476.925,594.888,3050.1,38.5,206.7,6.76,4.2,204.401,6.28,0.47,-0.15687521828947615,63.91761635475298,11.204436056893655,-5.8100000000000005
1970-06-30,1970Q2,1970,2,4264.289,2733.2,478.419,576.257,3103.5,38.9,208.0,6.66,4.8,205.052,4.13,2.52,0.18127258712583583,64.09509299205564,11.219197385543053,-1.6099999999999999
1970-09-30,1970Q3,1970,3,4302.259,2757.1,486.594,567.743,3145.4,39.4,212.9,6.15,5.2,205.788,5.11,1.04,0.8904180743847467,64.08493770365754,11.310197735654686,-4.07
1970-12-31,1970Q4,1970,4,4256.637,2749.6,458.406,564.666,3135.1,39.9,215.5,4.86,5.8,206.466,5.04,-0.18,-1.0604196539538924,64.59559506718567,10.769205830800232,-5.22
1971-03-31,1971Q1,1971,1,4374.016,2802.2,517.935,542.709,3197.3,40.1,220.0,3.65,5.9,207.065,2.0,1.65,2.7575524997785816,64.06469477935151,11.841177535701744,-0.3500000000000001
1971-06-30,1971Q2,1971,2,4398.829,2827.9,533.986,534.905,3245.3,40.6,224.9,4.76,5.9,207.661,4.96,-0.19,0.5672818755121156,64.28756380391236,12.139276157359152,-5.15
1971-09-30,1971Q3,1971,3,4433.943,2850.4,541.01,532.646,3259.7,40.9,227.2,4.7,6.0,208.345,2.94,1.75,0.7982579000002099,64.28589632297934,12.201555139522542,-1.19
1971-12-31,1971Q4,1971,4,4446.264,2897.8,524.085,516.14,3294.2,41.2,230.1,3.87,6.0,208.917,2.92,0.95,0.27787907963634506,65.17381783897672,11.7870868666368,-1.97
1972-03-31,1972Q1,1972,1,4525.769,2936.5,561.147,518.192,3314.9,41.5,235.6,3.55,5.8,209.386,2.9,0.64,1.7881304393981168,64.8840009289029,12.398931540695074,-2.26
1972-06-30,1972Q2,1972,2,4633.101,2992.6,595.495,526.473,3346.1,41.8,238.8,3.86,5.7,209.896,2.88,0.98,2.371574863851844,64.59172808881137,12.85305457403152,-1.9
1972-09-30,1972Q3,1972,3,4677.503,3038.8,603.97,498.116,3414.6,42.2,245.0,4.47,5.6,210.479,3.81,0.66,0.9583646028869186,64.96628649944213,12.912231162652382,-3.15
1972-12-31,1972Q4,1972,4,4754.546,3110.1,607.104,496.54,3550.5,42.7,251.5,5.09,5.3,210.985,4.71,0.38,1.647096752262911,65.41318561225403,12.768916317141532,-4.33
1973-03-31,1973Q1,1973,1,4876.166,3167.0,645.654,504.838,3590.7,43.7,252.7,5.98,5.0,211.42,9.26,-3.28,2.557972937899855,64.94856819886772,13.241017635576801,-12.54
1973-06-30,1973Q2,1973,2,4932.571,3165.4,675.837,497.033,3626.2,44.2,257.5,7.19,4.9,211.909,4.55,2.64,1.156748970400101,64.17343004287217,13.701515903166928,-1.9099999999999997
1973-09-30,1973Q3,1973,3,4906.252,3176.7,649.412,475.897,3644.4,45.6,259.0,8.06,4.8,212.475,12.47,-4.41,-0.5335756951090898,64.7479990836182,13.236417534199221,-16.880000000000003
1973-12-31,1973Q4,1973,4,4953.05,3167.4,674.253,476.174,3688.9,46.8,263.8,7.68,4.8,212.932,10.39,-2.71,0.9538441971590483,63.9484761914376,13.612884990056632,-13.100000000000001
1974-03-31,1974Q1,1974,1,4909.617,3139.7,631.23,491.043,3632.3,48.1,267.2,7.8,5.1,213.361,10.96,-3.16,-0.8768940349885401,63.94999854367458,12.857011045871806,-14.120000000000001
1974-06-30,1974Q2,1974,2,4922.188,3150.6,628.102,490.177,3601.1,49.3,269.3,7.89,5.2,213.854,9.86,-1.96,0.2560484860631762,64.00811996616139,12.760625965525898,-11.82
1974-09-30,1974Q3,1974,3,4873.52,3163.6,592.672,492.586,3612.4,51.0,272.3,8.16,5.6,214.451,13.56,-5.4,-0.9887472806808573,64.91406621907778,12.16106633398447,-18.96
1974-12-31,1974Q4,1974,4,4854.34,3117.3,598.306,496.176,3596.0,52.3,273.9,6.96,6.6,214.931,10.07,-3.11,-0.3935553768118383,64.21676273190589,12.325177058055266,-13.18
1975-03-31,1975Q1,1975,1,4795.295,3143.4,493.212,490.603,3581.9,53.0,276.2,5.53,8.2,215.353,5.32,0.22,-1.2163342493521245,65.55175437590388,10.285331767910003,-5.1000000000000005
1975-06-30,1975Q2,1975,2,4831.942,3195.8,476.085,486.679,3749.3,54.0,283.7,5.57,8.9,215.973,7.48,-1.91,0.7642282695850877,66.13903892058308,9.852870750518115,-9.39
1975-09-30,1975Q3,1975,3,4913.328,3241.4,516.402,498.836,3698.6,54.9,285.4,6.27,8.5,216.587,6.61,-0.34,1.6843331314821297,65.97157771677364,10.51022850499702,-6.95
1975-12-31,1975Q4,1975,4,4977.511,3275.7,530.596,500.141,3736.0,55.8,288.4,5.26,8.3,217.095,6.5,-1.24,1.3063039959880562,65.81000021898494,10.659865945047635,-7.74
1976-03-31,1976Q1,1976,1,5090.663,3341.2,585.541,495.568,3791.0,56.1,294.7,4.91,7.7,217.528,2.14,2.77,2.2732646899223052,65.6338869809296,11.502254225039058,0.6299999999999999
1976-06-30,1976Q2,1976,2,5128.947,3371.8,610.513,494.532,3822.2,57.0,297.2,5.28,7.6,218.035,6.37,-1.09,0.7520434961025835,65.74058963760008,11.903281511780099,-7.46
1976-09-30,1976Q3,1976,3,5154.072,3407.5,611.646,493.141,3856.7,57.9,302.0,5.05,7.7,218.644,6.27,-1.22,0.4898666334434809,66.11277452080607,11.867238175950975,-7.489999999999999
1976-12-31,1976Q4,1976,4,5191.499,3451.8,615.898,494.415,3884.4,58.7,308.3,4.57,7.8,219.179,5.49,-0.92,0.7261637012443645,66.4894667224245,11.863586990963498,-6.41
1977-03-31,1977Q1,1977,1,5251.762,3491.3,646.198,498.509,3887.5,60.0,316.0,4.6,7.5,219.684,8.76,-4.16,1.1608015334299449,66.47864088281229,12.304403741068235,-12.92
1977-06-30,1977Q2,1977,2,5356.131,3510.6,696.141,506.695,3931.8,60.8,320.2,5.06,7.1,220.239,5.3,-0.24,1.987313971958371,65.54357987136609,12.997086889771738,-5.54
1977-09-30,1977Q3,1977,3,5451.921,3544.1,734.078,509.605,3990.8,61.6,326.4,5.82,6.9,220.904,5.23,0.59,1.7884177963533698,65.00644451744623,13.464575146998644,-4.640000000000001
1977-12-31,1977Q4,1977,4,5450.793,3597.5,713.356,504.584,4071.2,62.7,334.4,6.2,6.6,221.477,7.08,-0.88,-0.020689954971842006,65.99957107158538,13.087196670282655,-7.96
1978-03-31,1978Q1,1978,1,5469.405,3618.5,727.504,506.314,4096.4,63.9,339.9,6.34,6.3,221.991,7.58,-1.24,0.3414549039011394,66.15893319291587,13.301337165560057,-8.82
1978-06-30,1978Q2,1978,2,5684.569,3695.9,777.454,518.366,4143.4,65.5,347.6,6.72,6.0,222.585,9.89,-3.18,3.9339562530110728,65.0163627180882,13.67656897119201,-13.07
1978-09-30,1978Q3,1978,3,5740.3,3711.4,801.452,520.199,4177.1,67.1,353.3,7.64,6.0,223.271,9.65,-2.01,0.980390949604093,64.65515739595492,13.961848683866695,-11.66
1978-12-31,1978Q4,1978,4,5816.222,3741.3,819.689,524.782,4209.8,68.5,358.6,9.02,5.9,223.865,8.26,0.76,1.322613800672423,64.32526131224016,14.093151877627779,-7.5
1979-03-31,1979Q1,1979,1,5825.949,3760.2,819.556,525.524,4255.9,70.6,368.0,9.42,5.9,224.438,12.08,-2.66,0.16723914596106226,64.54227457191953,14.067339072140866,-14.74
1979-06-30,1979Q2,1979,2,5831.418,3758.0,817.66,532.04,4226.1,73.0,377.2,9.3,5.7,225.055,13.37,-4.07,0.09387311835376,64.4440168754838,14.021632474296988,-17.439999999999998
1979-09-30,1979Q3,1979,3,5873.335,3794.9,801.742,531.232,4250.3,75.2,380.8,10.49,5.9,225.801,11.88,-1.38,0.7188131600238679,64.61235396925257,13.65054096182152,-13.260000000000002
1979-12-31,1979Q4,1979,4,5889.495,3805.0,786.817,531.126,4284.3,78.0,385.8,11.94,5.9,226.451,14.62,-2.68,0.27514180614591766,64.60655794766784,13.35966835866233,-17.3
1980-03-31,1980Q1,1980,1,5908.467,3798.4,781.114,548.115,4296.2,80.9,383.8,13.75,6.3,227.061,14.6,-0.85,0.32213288236087045,64.28740314535057,13.220248162509836,-15.45
1980-06-30,1980Q2,1980,2,5787.373,3712.2,710.64,561.895,4236.1,82.6,394.0,7.9,7.3,227.726,8.32,-0.42,-2.04949947253662,64.14309221126753,12.279146341526632,-8.74
1980-09-30,1980Q3,1980,3,5776.617,3752.0,656.477,554.292,4279.7,84.7,409.0,10.34,7.7,228.417,10.04,0.3,-0.18585289042194475,64.95151054674389,11.36438507174701,-9.739999999999998
1980-12-31,1980Q4,1980,4,5883.46,3802.0,723.22,556.13,4368.1,87.2,411.3,14.75,7.4,228.937,11.64,3.11,1.8495773564354279,64.6218381700564,12.292426565320406,-8.530000000000001
1981-03-31,1981Q1,1981,1,6005.717,3822.8,795.091,567.618,4358.1,89.1,427.4,13.95,7.4,229.403,8.62,5.32,2.077977924554597,63.6526829352765,13.238902199354383,-3.299999999999999
1981-06-30,1981Q2,1981,2,5957.795,3822.8,757.24,584.54,4358.6,91.5,426.9,15.33,7.4,229.966,10.63,4.69,-0.7979396964592156,64.1646783751371,12.710071427432466,-5.94
1981-09-30,1981Q3,1981,3,6030.184,3838.3,804.242,583.89,4455.4,93.4,428.4,14.58,7.4,230.641,8.22,6.36,1.2150300572611128,63.651457401631525,13.336939635672806,-1.8600000000000003
1981-12-31,1981Q4,1981,4,5955.062,3809.3,773.053,590.125,4464.4,94.4,442.7,11.33,8.2,231.157,4.26,7.07,-1.2457662983418105,63.96742804692882,12.981443350211972,2.8100000000000005
1982-03-31,1982Q1,1982,1,5857.333,3833.9,692.514,591.043,4469.6,95.0,447.1,12.95,8.8,231.645,2.53,10.42,-1.6411080186906624,65.45470438508448,11.82302594030423,7.890000000000001
1982-06-30,1982Q2,1982,2,5889.074,3847.7,691.9,596.403,4500.8,97.5,448.0,11.97,9.4,232.188,10.39,1.58,0.5419019202083986,65.3362481096349,11.748875969295003,-8.81
1982-09-30,1982Q3,1982,3,5866.37,3877.2,683.825,605.37,4520.6,98.1,464.5,8.1,9.9,232.816,2.45,5.65,-0.3855275039844952,66.09197851482263,11.656697412539613,3.2
1982-12-31,1982Q4,1982,4,5871.001,3947.9,622.93,623.307,4536.4,97.9,477.2,7.96,10.7,233.322,-0.82,8.77,0.07894149192773092,67.24406962288032,10.610286048324637,9.59
1983-03-31,1983Q1,1983,1,5944.02,3986.6,645.11,630.873,4572.2,98.8,493.2,8.22,10.4,233.781,3.66,4.56,1.243723174293443,67.06908792366109,10.853092688113431,0.8999999999999995
1983-06-30,1983Q2,1983,2,6077.619,4065.7,707.372,644.322,4605.5,99.8,507.8,8.69,10.1,234.307,4.03,4.66,2.2476202973744863,66.89626315831907,11.638965851594186,0.6299999999999999
1983-09-30,1983Q3,1983,3,6197.468,4137.6,754.937,662.412,4674.7,100.8,517.2,8.99,9.4,234.907,3.99,5.01,1.9719729058369717,66.7627489161703,12.181377943379458,1.0199999999999996
1983-12-31,1983Q4,1983,4,6325.574,4203.2,834.427,639.197,4771.1,102.1,525.1,8.89,8.5,235.385,5.13,3.76,2.067069971155955,66.44772474403113,13.191324613386865,-1.37
1984-03-31,1984Q1,1984,1,6448.264,4239.2,921.763,644.635,4875.4,103.3,535.0,9.43,7.9,235.839,4.67,4.76,1.9395868264287186,65.74172521472445,14.294746617073992,0.08999999999999986
1984-06-30,1984Q2,1984,2,6559.594,4299.9,952.841,664.839,4959.4,104.1,540.9,9.94,7.5,236.348,3.09,6.85,1.7265111974323677,65.5513130843159,14.525914256278666,3.76
1984-09-30,1984Q3,1984,3,6623.343,4333.0,974.989,662.294,5036.6,105.1,543.7,10.19,7.4,236.976,3.82,6.37,0.9718436842280243,65.42013602496503,14.720496885032228,2.5500000000000003
1984-12-31,1984Q4,1984,4,6677.264,4390.1,958.993,684.282,5084.5,105.7,557.0,8.14,7.3,237.468,2.28,5.87,0.8141055053316748,65.7469885869422,14.362065061378434,3.5900000000000003
1985-03-31,1985Q1,1985,1,6740.275,4464.6,927.375,691.613,5072.0,107.0,570.4,8.25,7.3,237.9,4.89,3.36,0.9436649501951555,66.23765350820257,13.758711625267516,-1.5299999999999998
1985-06-30,1985Q2,1985,2,6797.344,4505.2,943.383,708.524,5172.7,107.7,589.1,7.17,7.3,238.466,2.61,4.56,0.8466865224341813,66.27882890729084,13.878700268810878,1.9499999999999997
1985-09-30,1985Q3,1985,3,6903.523,4590.8,932.959,732.305,5140.7,108.5,607.8,7.13,7.2,239.113,2.96,4.17,1.5620660069580072,66.49938009911752,13.514244828328955,1.21
1985-12-31,1985Q4,1985,4,6955.918,4600.9,969.434,732.026,5193.9,109.9,621.4,7.14,7.0,239.638,5.13,2.01,0.7589603163486114,66.14367794444959,13.936823292051459,-3.12
1986-03-31,1986Q1,1986,1,7022.757,4639.3,967.442,728.125,5255.8,108.7,641.0,6.56,7.0,240.094,-4.39,10.95,0.9608940185896309,66.0609501368195,13.775814826000673,15.34
1986-06-30,1986Q2,1986,2,7050.969,4688.7,945.972,751.334,5315.5,109.5,670.3,6.06,7.2,240.651,2.93,3.13,0.4017225713491168,66.49724314487838,13.416198539519886,0.19999999999999973
1986-09-30,1986Q3,1986,3,7118.95,4770.7,916.315,779.77,5343.3,110.2,694.9,5.31,7.0,241.274,2.55,2.76,0.9641369859944016,67.01409617991418,12.871490879975278,0.20999999999999996
1986-12-31,1986Q4,1986,4,7153.359,4799.4,917.736,767.671,5346.5,111.4,730.2,5.44,6.8,241.784,4.33,1.1,0.4833437515364025,67.0929559106428,12.829441385508542,-3.23
1987-03-31,1987Q1,1987,1,7193.019,4792.1,945.776,772.247,5379.4,112.7,743.9,5.61,6.6,242.252,4.64,0.97,0.5544248513180916,66.62153957886112,13.14852636980383,-3.67
1987-06-30,1987Q2,1987,2,7269.51,4856.3,947.1,782.962,5321.0,113.8,743.0,5.67,6.3,242.804,3.89,1.79,1.063406060793115,66.8036772767353,13.028388433333197,-2.1
1987-09-30,1987Q3,1987,3,7332.558,4910.4,948.055,783.804,5416.2,115.0,756.2,6.19,6.0,243.446,4.2,1.99,0.8672936690368394,66.96708024675699,12.929389716385467,-2.21
1987-12-31,1987Q4,1987,4,7458.022,4922.2,1021.98,795.467,5493.1,116.0,756.2,5.76,5.9,243.981,3.46,2.29,1.7110536323067693,65.99873263983399,13.703097148278726,-1.17
1988-03-31,1988Q1,1988,1,7496.6,5004.4,964.398,773.851,5562.1,117.2,768.1,5.76,5.7,244.445,4.12,1.64,0.5172685197228022,66.75559587012778,12.864471893925245,-2.4800000000000004
1988-06-30,1988Q2,1988,2,7592.881,5040.8,987.858,765.98,5614.3,118.5,781.4,6.48,5.5,245.021,4.41,2.07,1.2843288957660848,66.38850259868421,13.010318481219446,-2.3400000000000003
1988-09-30,1988Q3,1988,3,7632.082,5080.6,994.204,760.245,5657.5,119.9,783.3,7.22,5.5,245.693,4.7,2.52,0.5162862423367276,66.56899126607917,13.026642009349478,-2.18
1988-12-31,1988Q4,1988,4,7733.991,5140.4,1007.371,783.065,5708.5,121.2,785.7,8.03,5.3,246.224,4.31,3.72,1.3352712929447064,66.46503726213282,13.02524143097658,-0.5899999999999994
1989-03-31,1989Q1,1989,1,7806.603,5159.3,1045.975,767.024,5773.4,123.1,779.2,8.67,5.2,246.721,6.22,2.44,0.9388684315769114,66.08892497799619,13.39859347273071,-3.78
1989-06-30,1989Q2,1989,2,7865.016,5182.4,1033.753,784.275,5749.8,124.5,777.8,8.15,5.2,247.342,4.52,3.63,0.748251191971705,65.89179220995864,13.143685912399924,-0.8899999999999997
1989-09-30,1989Q3,1989,3,7927.393,5236.1,1021.604,791.819,5787.0,125.4,786.6,7.76,5.3,248.067,2.88,4.88,0.7930943814990377,66.05071806077989,12.887010900052514,2.0
1989-12-31,1989Q4,1989,4,7944.697,5261.7,1011.119,787.844,5831.3,127.5,795.4,7.65,5.4,248.659,6.64,1.01,0.21828109190500378,66.22908337473412,12.726967435007275,-5.63
1990-03-31,1990Q1,1990,1,8027.693,5303.3,1021.07,799.681,5875.1,128.9,806.2,7.8,5.3,249.306,4.37,3.44,1.0446716847728688,66.06256616938391,12.719345395993594,-0.9300000000000002
1990-06-30,1990Q2,1990,2,8059.598,5320.8,1021.36,800.639,5913.9,130.5,810.1,7.7,5.3,250.132,4.93,2.76,0.39743672310339484,66.01818105568044,12.672592355102575,-2.17
1990-09-30,1990Q3,1990,3,8059.476,5341.0,997.319,793.513,5918.1,133.4,819.8,7.33,5.7,251.057,8.79,-1.46,-0.001513723141033374,66.26981704517763,12.374489358861544,-10.25
1990-12-31,1990Q4,1990,4,7988.864,5299.5,934.248,800.525,5878.2,134.7,827.2,6.67,6.1,251.889,3.88,2.79,-0.8761363642003528,66.33608983705318,11.694378574976367,-1.0899999999999999
1991-03-31,1991Q1,1991,1,7950.164,5284.4,896.21,806.775,5896.3,135.1,843.2,5.83,6.6,252.643,1.19,4.65,-0.4844243186515662,66.46906906574506,11.272849214179734,3.4600000000000004
1991-06-30,1991Q2,1991,2,8003.822,5324.7,891.704,809.081,5941.1,136.2,861.5,5.54,6.8,253.493,3.24,2.29,0.6749294731530187,66.52696674163919,11.140977398048081,-0.9500000000000002
1991-09-30,1991Q3,1991,3,8037.538,5345.0,913.904,793.987,5953.6,137.2,878.0,5.18,6.9,254.435,2.93,2.25,0.4212487484104299,66.50046320154257,11.370447019970543,-0.6800000000000002
1991-12-31,1991Q4,1991,4,8069.046,5342.6,948.891,778.378,5992.4,138.3,910.4,4.14,7.1,255.214,3.19,0.95,0.3920105883169711,66.21104898893871,11.759642961509947,-2.24
1992-03-31,1992Q1,1992,1,8157.616,5434.5,927.796,778.568,6082.9,139.4,943.8,3.88,7.4,255.992,3.17,0.71,1.0976514447928576,66.6187278244036,11.373371828240016,-2.46
1992-06-30,1992Q2,1992,2,8244.294,5466.7,988.912,777.762,6129.5,140.5,963.2,3.5,7.6,256.894,3.14,0.36,1.0625408207495912,66.30889194393116,11.99510837434958,-2.7800000000000002
1992-09-30,1992Q3,1992,3,8329.361,5527.1,999.135,786.639,6160.6,141.7,1003.8,2.97,7.6,257.861,3.4,-0.44,1.031828801835566,66.35683097418877,11.995337937688136,-3.84
1992-12-31,1992Q4,1992,4,8417.016,5594.6,1030.758,787.064,6248.2,142.8,1030.4,3.12,7.4,258.679,3.09,0.02,1.0523616397464242,66.46773630939991,12.24612142830666,-3.07
1993-03-31,1993Q1,1993,1,8432.485,5617.2,1054.979,762.901,6156.5,143.8,1047.6,2.92,7.2,259.414,2.79,0.13,0.18378247112753598,66.61381550041298,12.51089091768322,-2.66
1993-06-30,1993Q2,1993,2,8486.435,5671.1,1063.263,752.158,6252.3,144.5,1084.5,3.02,7.1,260.255,1.94,1.08,0.6397876782466616,66.82546911630149,12.52897123468217,-0.8599999999999999
1993-09-30,1993Q3,1993,3,8531.108,5732.7,1062.514,744.227,6265.7,145.6,1113.0,3.0,6.8,261.163,3.03,-0.04,0.5264047859908194,67.19760199964647,12.454583859447094,-3.07
1993-12-31,1993Q4,1993,4,8643.769,5783.7,1118.583,748.102,6358.1,146.3,1131.6,3.05,6.6,261.919,1.92,1.13,1.3205904789858502,66.9117835055518,12.940917324375514,-0.79
1994-03-31,1994Q1,1994,1,8727.919,5848.1,1166.845,721.288,6332.6,147.2,1141.1,3.48,6.6,262.631,2.45,1.02,0.9735336518132298,67.00451734256471,13.369108947963426,-1.4300000000000002
1994-06-30,1994Q2,1994,2,8847.303,5891.5,1234.855,717.197,6440.6,148.4,1150.5,4.2,6.2,263.436,3.25,0.96,1.367840375237206,66.59091476803722,13.95741730559019,-2.29
1994-09-30,1994Q3,1994,3,8904.289,5938.7,1212.655,736.89,6487.9,149.4,1150.1,4.68,6.0,264.301,2.69,2.0,0.6441058930614307,66.6948253813415,13.618774053717258,-0.69
1994-12-31,1994Q4,1994,4,9003.18,5997.3,1269.19,716.702,6574.0,150.5,1151.4,5.53,5.6,265.044,2.93,2.6,1.1105996222719128,66.61313002739033,14.097130125133564,-0.33000000000000007
1995-03-31,1995Q1,1995,1,9025.267,6004.3,1282.09,715.326,6616.6,151.8,1149.3,5.72,5.5,265.755,3.44,2.28,0.24532442981257674,66.5276717021225,14.205563115196481,-1.1600000000000001
1995-06-30,1995Q2,1995,2,9044.668,6053.5,1247.61,712.492,6617.2,152.6,1145.4,5.52,5.7,266.557,2.1,3.42,0.2149631695106624,66.92893536832972,13.793872809925139,1.3199999999999998
1995-09-30,1995Q3,1995,3,9120.684,6107.6,1235.601,707.649,6666.8,153.5,1137.3,5.32,5.7,267.456,2.35,2.97,0.8404509706713359,66.96427592491968,13.547240535907179,0.6200000000000001
1995-12-31,1995Q4,1995,4,9184.275,6150.6,1270.392,681.081,6706.2,154.7,1123.5,5.17,5.6,268.151,3.11,2.05,0.6972174455337043,66.96881354271295,13.832251320871816,-1.06
1996-03-31,1996Q1,1996,1,9247.188,6206.9,1287.128,695.265,6777.7,156.1,1124.8,4.91,5.5,268.853,3.6,1.31,0.6850077986558567,67.12202671774381,13.919128712425874,-2.29
1996-06-30,1996Q2,1996,2,9407.052,6277.1,1353.795,705.172,6850.6,157.0,1112.4,5.09,5.5,269.667,2.3,2.79,1.7287850101025182,66.72759967734845,14.391277947650337,0.4900000000000002
1996-09-30,1996Q3,1996,3,9488.879,6314.6,1422.059,692.741,6908.9,158.2,1086.1,5.04,5.3,270.581,3.05,2.0,0.8698474293540759,66.54737614422103,14.986585875950151,-1.0499999999999998
1996-12-31,1996Q4,1996,4,9592.458,6366.1,1418.193,690.744,6946.8,159.4,1081.5,4.99,5.3,271.36,3.02,1.97,1.0915831048114333,66.36568020417707,14.784458790437235,-1.05
1997-03-31,1997Q1,1997,1,9666.235,6430.2,1451.304,681.445,7008.9,159.9,1063.8,5.1,5.2,272.083,1.25,3.85,0.7691146523654213,66.52228090875091,15.014160115081001,2.6
1997-06-30,1997Q2,1997,2,9809.551,6456.2,1543.976,693.525,7061.5,160.4,1066.2,5.01,5.0,272.912,1.25,3.76,1.482645518136061,65.81544863776129,15.739517537550904,2.51
1997-09-30,1997Q3,1997,3,9932.672,6566.0,1571.426,691.261,7142.4,161.5,1065.5,5.02,4.9,273.852,2.73,2.29,1.2551135113115786,66.10507223031225,15.82077813502751,-0.43999999999999995
1997-12-31,1997Q4,1997,4,10008.874,6641.1,1596.523,690.311,7241.5,162.0,1074.4,5.11,4.7,274.626,1.24,3.88,0.7671853052229949,66.35211912948449,15.951075016030774,2.6399999999999997
1998-03-31,1998Q1,1998,1,10103.425,6707.2,1672.732,668.783,7406.2,162.2,1076.1,5.02,4.6,275.304,0.49,4.53,0.944671698334898,66.38540890836524,16.55608865310526,4.04
1998-06-30,1998Q2,1998,2,10194.277,6822.6,1652.716,687.184,7512.0,163.2,1075.0,4.98,4.4,276.115,2.46,2.52,0.8992198190217682,66.9257859090939,16.212194351791695,0.06000000000000005
1998-09-30,1998Q3,1998,3,10328.787,6913.1,1700.071,681.472,7591.0,163.9,1086.0,4.49,4.5,277.003,1.71,2.78,1.3194658140052606,66.93041496547465,16.45954166738069,1.0699999999999998
1998-12-31,1998Q4,1998,4,10507.575,7019.1,1754.743,688.147,7646.5,164.7,1097.8,4.38,4.4,277.79,1.95,2.43,1.7309680217047818,66.80037972605477,16.699790389314373,0.4800000000000002
1999-03-31,1999Q1,1999,1,10601.179,7088.3,1809.993,683.601,7698.4,165.9,1101.9,4.39,4.3,278.451,2.9,1.49,0.8908240007803769,66.8633177498465,17.07350663544121,-1.41
1999-06-30,1999Q2,1999,2,10684.049,7199.9,1803.674,683.594,7716.0,166.7,1098.7,4.54,4.3,279.295,1.92,2.62,0.7817055065290512,67.38924540686774,16.88193305740174,0.7000000000000002
1999-09-30,1999Q3,1999,3,10819.914,7286.4,1848.949,697.936,7765.9,168.1,1102.3,4.75,4.2,280.203,3.35,1.41,1.2716620824183789,67.34249458914367,17.08838905743613,-1.9400000000000002
1999-12-31,1999Q4,1999,4,11014.254,7389.2,1914.567,713.445,7887.7,169.3,1121.9,5.2,4.1,280.976,2.85,2.35,1.7961325755454283,67.08761210700243,17.38262981768897,-0.5
2000-03-31,2000Q1,2000,1,11043.044,7501.3,1887.836,685.216,8053.4,170.9,1113.5,5.63,4.0,281.653,3.76,1.87,0.261388560677811,67.92782859508665,17.095250186452212,-1.8899999999999997
2000-06-30,2000Q2,2000,2,11258.454,7571.8,2018.529,712.641,8135.9,172.7,1103.0,5.81,3.9,282.385,4.19,1.62,1.950639696808243,67.25434948706102,17.929006948911457,-2.5700000000000003
2000-09-30,2000Q3,2000,3,11267.867,7645.9,1986.956,698.827,8222.3,173.9,1098.7,6.07,4.0,283.19,2.77,3.3,0.08360828227393924,67.855788500166,17.63382546137614,0.5299999999999998
2000-12-31,2000Q4,2000,4,11334.544,7713.5,1987.845,695.597,8234.6,175.6,1097.7,5.7,3.9,283.9,3.89,1.81,0.5917446487431866,68.0530244533878,17.537935359375727,-2.08
2001-03-31,2001Q1,2001,1,11297.171,7744.3,1882.691,710.403,8296.5,176.4,1114.9,4.39,4.2,284.55,1.82,2.57,-0.3297265421529083,68.55079028192102,16.665154488676855,0.7499999999999998
2001-06-30,2001Q2,2001,2,11371.251,7773.5,1876.65,725.623,8273.7,177.4,1139.7,3.54,4.4,285.267,2.26,1.28,0.6557393882061335,68.36099211951262,16.503461228672204,-0.9799999999999998
2001-09-30,2001Q3,2001,3,11340.075,7807.7,1837.074,730.493,8484.5,177.6,1166.0,2.72,4.8,286.047,0.45,2.27,-0.2741650852663424,68.85051465709,16.19983994814849,1.82
2001-12-31,2001Q4,2001,4,11380.128,7930.0,1731.189,739.318,8385.5,177.7,1190.9,1.74,5.5,286.728,0.23,1.51,0.3531987222306743,69.68287175680274,15.212386011826931,1.28
2002-03-31,2002Q1,2002,1,11477.868,7957.3,1789.327,756.915,8611.6,179.3,1185.9,1.75,5.7,287.328,3.59,-1.84,0.8588655593328998,69.32733500681485,15.589367293647216,-5.43
2002-06-30,2002Q2,2002,2,11538.77,7997.8,1810.779,774.408,8658.9,180.0,1199.5,1.7,5.8,288.028,1.56,0.14,0.5306037671804598,69.31241371480668,15.692998473840799,-1.42
2002-09-30,2002Q3,2002,3,11596.43,8052.0,1814.531,786.673,8629.2,181.2,1204.0,1.61,5.7,288.783,2.66,-1.05,0.4997066411758011,69.43516237324762,15.647324219608965,-3.71
2002-12-31,2002Q4,2002,4,11598.824,8080.6,1813.219,799.967,8649.6,182.6,1226.8,1.2,5.8,289.421,3.08,-1.88,0.02064428449100042,69.66740766132843,15.632783116633203,-4.96
2003-03-31,2003Q1,2003,1,11645.819,8122.3,1813.141,800.196,8681.3,183.2,1248.4,1.14,5.9,290.019,1.31,-0.17,0.4051703862391509,69.74434344205419,15.56902953755335,-1.48
2003-06-30,2003Q2,2003,2,11738.706,8197.8,1823.698,838.775,8812.5,183.7,1287.9,0.96,6.2,290.704,1.09,-0.13,0.7975995505339784,69.83563605733033,15.535766889468055,-1.2200000000000002
2003-09-30,2003Q3,2003,3,11935.461,8312.1,1889.883,839.598,8935.4,184.9,1297.3,0.94,6.1,291.449,2.6,-1.67,1.6761217122227778,69.642052368149,15.834185206587328,-4.27
2003-12-31,2003Q4,2003,4,12042.817,8358.0,1959.783,845.722,8986.4,186.3,1306.1,0.9,5.8,292.057,3.02,-2.11,0.8994709127699396,69.40236657253864,16.273459938816643,-5.13
2004-03-31,2004Q1,2004,1,12127.623,8437.6,1970.015,856.57,9025.9,187.4,1332.1,0.94,5.7,292.635,2.35,-1.42,0.7042040080821765,69.57340280119196,16.24403232191502,-3.77
2004-06-30,2004Q2,2004,2,12213.818,8483.2,2055.58,861.44,9115.0,189.1,1340.5,1.21,5.6,293.31,3.61,-2.41,0.7107328451750217,69.45575904274979,16.829954400827,-6.02
2004-09-30,2004Q3,2004,3,12303.533,8555.8,2082.231,876.385,9175.9,190.8,1361.0,1.63,5.4,294.066,3.58,-1.95,0.734536899108873,69.5393753972944,16.923846183043523,-5.53
2004-12-31,2004Q4,2004,4,12410.282,8654.2,2125.152,865.596,9303.4,191.8,1366.6,2.2,5.4,294.741,2.09,0.11,0.8676288347420291,69.73411240775997,17.124123368026613,-1.9799999999999998
2005-03-31,2005Q1,2005,1,12534.113,8719.0,2170.299,869.204,9189.6,193.8,1357.8,2.69,5.3,295.308,4.15,-1.46,0.9978097193923618,69.56216207720483,17.31513829498745,-5.61
2005-06-30,2005Q2,2005,2,12587.535,8802.9,2131.468,870.044,9253.0,194.7,1366.6,3.01,5.1,295.994,1.85,1.16,0.4262128480890581,69.93346989700525,16.93316443608697,-0.6900000000000002
2005-09-30,2005Q3,2005,3,12683.153,8865.6,2154.949,890.394,9308.0,199.2,1375.0,3.52,5.0,296.77,9.14,-5.62,0.7596245015406122,69.9005996379607,16.99064104958759,-14.760000000000002
2005-12-31,2005Q4,2005,4,12748.699,8888.5,2232.193,875.557,9358.7,199.4,1380.6,4.0,4.9,297.435,0.4,3.6,0.5167957841397897,69.72083975000115,17.50918270170156,3.2
2006-03-31,2006Q1,2006,1,12915.938,8986.6,2264.721,900.511,9533.8,200.7,1380.5,4.51,4.7,298.061,2.6,1.91,1.3118122876695004,69.57760249391102,17.534313032471974,-0.6900000000000002
2006-06-30,2006Q2,2006,2,12962.462,9035.0,2261.247,892.839,9617.3,202.7,1369.2,4.82,4.7,298.766,3.97,0.85,0.3602061267249823,69.70126508374722,17.444579586809976,-3.12
2006-09-30,2006Q3,2006,3,12965.916,9090.7,2229.636,892.002,9662.5,201.9,1369.4,4.9,4.7,299.593,-1.58,6.48,0.026646172617517117,70.11228516365524,17.196131765777288,8.06
2006-12-31,2006Q4,2006,4,13060.679,9181.6,2165.966,894.404,9788.8,203.574,1373.6,4.92,4.4,300.32,3.3,1.62,0.7308623625203348,70.29956099525914,16.583869797274705,-1.6799999999999997
2007-03-31,2007Q1,2007,1,13099.901,9265.1,2132.609,882.766,9830.2,205.92,1379.7,4.95,4.5,300.977,4.58,0.36,0.3003059794977059,70.72648869636497,16.27958104416209,-4.22
2007-06-30,2007Q2,2007,2,13203.977,9291.5,2162.214,898.713,9842.7,207.338,1370.0,4.72,4.5,301.714,2.75,1.97,0.7944792865228534,70.3689502034122,16.375475358674134,-0.78
2007-09-30,2007Q3,2007,3,13321.109,9335.6,2166.491,918.983,9883.9,209.133,1379.2,4.0,4.7,302.509,3.45,0.55,0.8870963649815433,70.08125224408869,16.263593368990527,-2.9000000000000004
2007-12-31,2007Q4,2007,4,13391.249,9363.6,2123.426,925.11,9886.2,212.495,1377.4,3.01,4.8,303.204,6.38,-3.37,0.5265327383778606,69.92327601405964,15.856818135485346,-9.75
2008-03-31,2008Q1,2008,1,13366.865,9349.6,2082.886,943.372,9826.8,213.997,1384.0,1.56,4.9,303.803,2.82,-1.26,-0.18208906428369698,69.9460943160569,15.582457068280409,-4.08
2008-06-30,2008Q2,2008,2,13415.266,9351.0,2026.518,961.28,10059.0,218.61,1409.3,1.74,5.4,304.483,8.53,-6.79,0.36209687162995774,69.704171352249,15.10605902260902,-15.32
2008-09-30,2008Q3,2008,3,13324.6,9267.7,1990.693,991.551,9838.3,216.889,1474.7,1.17,6.0,305.27,-3.16,4.33,-0.6758419847955222,69.55330741635771,14.939983188988787,7.49
2008-12-31,2008Q4,2008,4,13141.92,9195.3,1857.661,1007.273,9920.4,212.174,1576.5,0.12,6.9,305.952,-8.79,8.91,-1.3709980036924252,69.96922824062237,14.135385088328038,17.7
2009-03-31,2009Q1,2009,1,12925.41,9209.2,1558.494,996.287,9926.4,212.671,1592.8,0.22,8.1,306.547,0.94,-0.71,-1.64747616786588,71.24880371299635,12.057598172901285,-1.65
2009-06-30,2009Q2,2009,2,12901.504,9189.0,1456.678,1023.528,10077.5,214.469,1653.6,0.18,9.2,307.226,3.37,-3.19,-0.1849535140471259,71.2242541644757,11.290761139166412,-6.5600000000000005
2009-09-30,2009Q3,2009,3,12990.341,9256.0,1486.398,1044.088,10040.6,216.385,1673.9,0.12,9.6,308.013,3.56,-3.44,0.6885786339329014,71.25294093511478,11.442332422220478,-7.0
